Plots,evenness,category
L1P1,0.947341822,Total
L1P2,0.950294501,Total
L1P3,0.958195747,Total
L2P1,0.946084569,Total
L2P2,0.94224515,Total
L2P3,0.946426946,Total
L3P1,0.960731504,Total
L3P2,0.929428112,Total
L3P3,0.95601601,Total
L4P1,0.937889657,Total
L4P2,0.94400374,Total
L4P3,0.872928028,Total
L5P1,0.934036098,Total
L5P2,0.837227133,Total
L5P3,0.922982771,Total
L1P1,0.897358632,Edible
L1P2,0.924911161,Edible
L1P3,0.929896694,Edible
L2P1,0.988109092,Edible
L2P2,0.921095114,Edible
L2P3,0.965318691,Edible
L3P1,0.966863347,Edible
L3P2,0.941421063,Edible
L3P3,0.952434315,Edible
L4P1,0.839374344,Edible
L4P2,0.939460686,Edible
L4P3,0.971325691,Edible
L5P1,0.880995208,Edible
L5P2,0.86842916,Edible
L5P3,0.957879197,Edible
L1P1,0.729274634,Inedible
L1P2,0.630742905,Inedible
L1P3,0.600727227,Inedible
L2P1,0.683659167,Inedible
L2P2,0.696067706,Inedible
L2P3,0.812481603,Inedible
L3P1,0.722179604,Inedible
L3P2,0.596846833,Inedible
L3P3,0.676878377,Inedible
L4P1,0.582044333,Inedible
L4P2,0.628635812,Inedible
L4P3,0.593854095,Inedible
L5P1,0.609548536,Inedible
L5P2,0.608559213,Inedible
L5P3,0.636401163,Inedible
